<PAMDataset>
  <PAMRasterBand band="1">
    <GDALRasterAttributeTable tableType="thematic">
      <FieldDefn index="0">
        <Name>min</Name>
        <Type>1</Type>
        <Usage>3</Usage>
      </FieldDefn>
      <FieldDefn index="1">
        <Name>max</Name>
        <Type>1</Type>
        <Usage>4</Usage>
      </FieldDefn>
      <FieldDefn index="2">
        <Name>redmin</Name>
        <Type>0</Type>
        <Usage>10</Usage>
      </FieldDefn>
      <FieldDefn index="3">
        <Name>redmax</Name>
        <Type>0</Type>
        <Usage>14</Usage>
      </FieldDefn>
      <FieldDefn index="4">
        <Name>greenmin</Name>
        <Type>0</Type>
        <Usage>11</Usage>
      </FieldDefn>
      <FieldDefn index="5">
        <Name>greenmax</Name>
        <Type>0</Type>
        <Usage>15</Usage>
      </FieldDefn>
      <FieldDefn index="6">
        <Name>bluemin</Name>
        <Type>0</Type>
        <Usage>12</Usage>
      </FieldDefn>
      <FieldDefn index="7">
        <Name>bluemax</Name>
        <Type>0</Type>
        <Usage>16</Usage>
      </FieldDefn>
      <Row index="0">
        <F>1127.5634765625</F>
        <F>1146.66796875</F>
        <F>191</F>
        <F>200</F>
        <F>127</F>
        <F>200</F>
        <F>63</F>
        <F>200</F>
      </Row>
      <Row index="1">
        <F>1108.458984375</F>
        <F>1127.5634765625</F>
        <F>255</F>
        <F>191</F>
        <F>127</F>
        <F>127</F>
        <F>0</F>
        <F>63</F>
      </Row>
      <Row index="2">
        <F>1089.3544921875</F>
        <F>1108.458984375</F>
        <F>255</F>
        <F>255</F>
        <F>255</F>
        <F>127</F>
        <F>0</F>
        <F>0</F>
      </Row>
      <Row index="3">
        <F>1070.250122070313</F>
        <F>1089.3544921875</F>
        <F>0</F>
        <F>255</F>
        <F>255</F>
        <F>255</F>
        <F>0</F>
        <F>0</F>
      </Row>
      <Row index="4">
        <F>1051.145629882813</F>
        <F>1070.250122070313</F>
        <F>0</F>
        <F>0</F>
        <F>191</F>
        <F>255</F>
        <F>191</F>
        <F>0</F>
      </Row>
    </GDALRasterAttributeTable>
    <Metadata>
      <MDI key="STATISTICS_MAXIMUM">1146.66796875</MDI>
      <MDI key="STATISTICS_MEAN">1100.3503304941</MDI>
      <MDI key="STATISTICS_MINIMUM">1051.1456298828</MDI>
      <MDI key="STATISTICS_STDDEV">23.636034457234</MDI>
      <MDI key="STATISTICS_VALID_PERCENT">100</MDI>
    </Metadata>
  </PAMRasterBand>
</PAMDataset>
