<PAMDataset>
  <PAMRasterBand band="1">
    <GDALRasterAttributeTable tableType="thematic">
      <FieldDefn index="0">
        <Name>min</Name>
        <Type>1</Type>
        <Usage>3</Usage>
      </FieldDefn>
      <FieldDefn index="1">
        <Name>max</Name>
        <Type>1</Type>
        <Usage>4</Usage>
      </FieldDefn>
      <FieldDefn index="2">
        <Name>redmin</Name>
        <Type>0</Type>
        <Usage>10</Usage>
      </FieldDefn>
      <FieldDefn index="3">
        <Name>redmax</Name>
        <Type>0</Type>
        <Usage>14</Usage>
      </FieldDefn>
      <FieldDefn index="4">
        <Name>greenmin</Name>
        <Type>0</Type>
        <Usage>11</Usage>
      </FieldDefn>
      <FieldDefn index="5">
        <Name>greenmax</Name>
        <Type>0</Type>
        <Usage>15</Usage>
      </FieldDefn>
      <FieldDefn index="6">
        <Name>bluemin</Name>
        <Type>0</Type>
        <Usage>12</Usage>
      </FieldDefn>
      <FieldDefn index="7">
        <Name>bluemax</Name>
        <Type>0</Type>
        <Usage>16</Usage>
      </FieldDefn>
      <Row index="0">
        <F>1091.760131835938</F>
        <F>1108.081420898438</F>
        <F>191</F>
        <F>200</F>
        <F>127</F>
        <F>200</F>
        <F>63</F>
        <F>200</F>
      </Row>
      <Row index="1">
        <F>1075.438720703125</F>
        <F>1091.760131835938</F>
        <F>255</F>
        <F>191</F>
        <F>127</F>
        <F>127</F>
        <F>0</F>
        <F>63</F>
      </Row>
      <Row index="2">
        <F>1059.117431640625</F>
        <F>1075.438720703125</F>
        <F>255</F>
        <F>255</F>
        <F>255</F>
        <F>127</F>
        <F>0</F>
        <F>0</F>
      </Row>
      <Row index="3">
        <F>1042.796020507813</F>
        <F>1059.117431640625</F>
        <F>0</F>
        <F>255</F>
        <F>255</F>
        <F>255</F>
        <F>0</F>
        <F>0</F>
      </Row>
      <Row index="4">
        <F>1026.474731445313</F>
        <F>1042.796020507813</F>
        <F>0</F>
        <F>0</F>
        <F>191</F>
        <F>255</F>
        <F>191</F>
        <F>0</F>
      </Row>
    </GDALRasterAttributeTable>
    <Metadata>
      <MDI key="STATISTICS_MAXIMUM">1108.0814208984</MDI>
      <MDI key="STATISTICS_MEAN">1069.1244755498</MDI>
      <MDI key="STATISTICS_MINIMUM">1026.4747314453</MDI>
      <MDI key="STATISTICS_STDDEV">24.905834097067</MDI>
      <MDI key="STATISTICS_VALID_PERCENT">100</MDI>
    </Metadata>
  </PAMRasterBand>
</PAMDataset>
